,CrunchBase Ranking,Company Name/Organisation Name,Acquired by,About,Location,Number of Employees,Industry,IPO Status,Website,Founded Date,Headquarters,Founders,Operating Status,Hub Tags,Last Funding Type,Company Type,Investor Type,Investment Stage,Number of Investors,Number Funding Rounds,Total Funding Amount,Number of exits,Number of Lead Investors,Number of Acquisitions,Number of Current Team Members (core team),Number of Board Members/Advisors,Total Products Active,Product Downloads in the Last 30 Days,Active Tech Count,Monthly Visits,Monthly Visits Growth,Number of Articles,Number of Events,Number of Funds,Number of Investments,Number of Diversity Investments,Number of Exits,Related Hubs,Stock Symbol,IPO Date,Number of Sub,Organisations,Funding Rounds,Funds Raised (for VC),Number of Lead Investments
0,1,softbank,NA,"['SoftBank provides fixed-line, mobile telephony, internet, telecommunications, and digital television products.', 'through four major segments.\nThe mobile communications segment provides mobile communications services; produces and distributes online games for smartphones and other devices; offers mobile broadband services; provides supply chain solutions, handset protection, and insurance, buy-back and trade-in services, omni-channel solutions, and financial services; and sells mobile devices such as iPhones, iPads, and SoftBank smartphones. The sprint segment offers mobile and fixed-line voice and data transmission services for individual consumers, businesses, government subscribers, and resellers in Puerto Rico and the U.S., and sells mobile devices and accessories. The fixed-line telecommunications segment offers telecom services such as fixed-line telephone and data communications services to corporate customers; and broadband services to individual customers. The internet segment is engaged in the operation of the Yahoo! JAPAN portal; sale of internet advertising; operation of e-commerce sites; provision of membership services; sale and marketing of data centers; provision of online automobile-related information; and operation of the internet affiliate system.\nSoftBank also generates and sells electricity from renewable energy sources; provides payment processing, invoice collections, and computation services for businesses; distributes video, voice, and data content via media; operates IT information site ITmedia; provides solutions and services for online businesses, and operates online games and software downloads. Additionally, it is involved in the ownership of professional baseball team; operation of baseball games; management and maintenance of baseball stadium and other sports facilities; and procurement of funds by issuing preferred securities.\nSoftBank was established by Masayoshi Son in 1981 and is headquartered in Tokyo, Japan.']","Tokyo, Tokyo, Japan",10001+,"['Banking', 'Finance', 'Internet', 'Mobile', 'Telecommunications']",NA,global.softbank,"['Sep 3, 1981']",['Asia-Pacific (APAC)'],"['Masayoshi Son, Oketani Taku']",['Active'],NA,['Post-IPO Equity'],['For Profit'],NA,NA,1,1,$1B,53,1,12,NA,NA,NA,NA,NA,NA,NA,NA,NA,3,247,24,53,NA,['TYO:9984'],NA,NA,NA,NA,NA,NA
1,2,compassinc,NA,"['Compass is a real estate technology company that provides an online platform for buying, renting, and selling real estate assets.', 'Washington D.C., South Florida, The Hamptons, Santa Barbara & Montecito, San Diego, Seattle & Eastside, Philadelphia, Connecticut, Westchester, Aspen, Boulder, Denver, Atlanta, Austin & Central Texas, Dallas-Fort Worth, Houston, Nashville, and Lake Tahoe.']","New York, New York, United States",10001+,"['Marketplace', 'Property Management', 'Real Estate', 'Residential']",Private,www.compass.com,"['Oct 4, 2012']","['Greater New York Area, East Coast, Northeastern US']","['Ori Allon, Robert Reffkin, Ugo Di Girolamo']",['Active'],NA,['Series G'],['For Profit'],NA,NA,32,10,$1.5B,NA,5,12,36,NA,NA,NA,NA,NA,NA,NA,NA,NA,NA,NA,NA,NA,NA,NA,NA,NA,NA,NA,NA
2,3,crowdcube,NA,"['Crowdcube is an equity crowdfunding platform for entrepreneurs of start-ups and growing businesses.', 'Crowdcube is an equity crowdfunding platform for entrepreneurs of start-ups and growing businesses. Crowdcube enables individuals to invest or loan in small companies in return for equity or an annual return.\nAs an investment crowdfunding platform, Crowdcube enables entrepreneurs to raise finance with the added benefit of being backed by the', 'crowd. For investors, Crowdcube provides a way to handpick a stake in an innovative business that traditionally would have been restricted to corporate investors.\nSince Crowdcube first pioneered equity crowdfunding in 2011, a total of £300m has been invested through the platform from a crowd of over 390,000 investors, with more than £230m successfully invested in 520 raises. Businesses like the challenger bank Monzo, which raised £1 million in a record-breaking 96 seconds, as well as household brand names such as River Cottage and the Eden Project along with venture capital-backed businesses such as JustPark, eMoov and Sugru have all successfully raised growth funding from the crowd.']","Exeter, Devon, United Kingdom",51-100,"['Business Development', 'Finance', 'Financial Services', 'FinTech', 'Funding Platform', 'Venture Capital']",NA,www.crowdcube.com/,"['Aug 1, 2010']",NA,"['Darren Westlake, Luke Lang, Mac Parish, Oriol Cordón, Pepe Borrell']",['Active'],NA,['Venture - Series Unknown'],['For Profit'],NA,NA,9,12,£30.7M,28,4,1,NA,NA,63,NA,30,"374,081",-9.12%,NA,NA,1,"1,208",16,28,NA,NA,NA,NA,NA,NA,NA,NA
3,4,zoom-video-communications,NA,"['Zoom is a software company that offers a communications platform that connects people through video, voice, chat, and content sharing.', 'Zoom is a software company that offers a communications platform that connects people through video, voice, chat, and content sharing. It has an easy, reliable cloud platform for video and audio conferencing, collaboration, chat, and webinars across mobile devices, desktops, telephones, and room systems.\nZoom unifies cloud video conferencing,', ""simple online meetings, and group messaging into one easy-to-use platform. The company's mission is to create a people-centric cloud service that transforms the real-time collaboration experience and improves the quality and effectiveness of communications.\nZoom was founded in 2011 and is headquartered in San Jose, California, United States.""]","San Jose, California, United States",1001-5000,"['Collaboration', 'Information Technology', 'Messaging', 'Video Conferencing']",Public,zoom.us,['2011'],"['San Francisco Bay Area, Silicon Valley, West Coast']",['Eric Yuan'],['Active'],NA,['Post-IPO Equity'],['For Profit'],NA,NA,18,7,$146M,NA,4,1,30,NA,NA,NA,NA,NA,NA,NA,NA,NA,3,NA,NA,NA,NA,NA,NA,NA,NA,NA,NA
4,5,ant-group,NA,"['Ant Group strives to enable all consumers and small businesses to have equal access to financial and other services through technology.', 'Ant Group aims to create the infrastructure and platform to support the digital transformation of the service industry. They strive to enable all consumers and small businesses to have equal access to financial and other services that are inclusive, green, and sustainable.\nFormally established in October 2014, Ant Group’s origins date to 2004 when', 'Alipay was created in the nascent days of e-commerce to solve the trust issue between buyers and sellers in online transactions. Their innovative payment solution bridged the trust gap, facilitated online transactions, and underpinned the development of e-commerce in China.\nHaving pioneered digital payments in China, Ant Group has since expanded its service offerings through technology and innovation to enable digital finance for consumers and businesses.\nTheir technology enables participants in commercial activities, including consumers, businesses, and partners, to build and strengthen trust among each other. They believe their new technologies, including their blockchain solution that they call AntChain, will continue to strengthen the foundation of trust in this digital era.']","Hangzhou, Zhejiang, China",5001-10000,"['Banking', 'E-Commerce', 'Financial Services', 'FinTech', 'Internet', 'Payments', 'Wealth Management']",Private,www.antgroup.com/,['Oct 2014'],['Asia-Pacific (APAC)'],['Lucy Peng'],['Active'],NA,['Series C'],['For Profit'],NA,NA,15,NA,$22B,NA,NA,5,41,NA,NA,NA,NA,NA,NA,NA,NA,NA,97,NA,NA,NA,NA,NA,NA,NA,NA,NA,NA
5,6,calendly,NA,"['Calendly is an automated scheduling tool that takes the work out of connecting with others so that its users can accomplish more.', 'Calendly is a scheduling software that delights customers and makes life easy for business professionals.\nCalendly users sell more, sell faster, and provide high-quality service by eliminating email and phone tag for scheduling meetings and appointments. Calendly is committed to creating an elegant and frustration-free scheduling experience', 'possible, so users can save time, impress their contacts and say goodbye to busywork.']","Atlanta, Georgia, United States",101-250,"['Productivity Tools', 'Recruiting', 'Scheduling', 'Software']",Private,calendly.com,['2013'],"['Greater Atlanta Area, East Coast, Southern US']",['Tope Awotona'],['Active'],NA,['Series B'],['For Profit'],NA,NA,3,2,$350.6M,NA,2,NA,6,NA,NA,NA,NA,NA,NA,NA,NA,NA,NA,NA,NA,NA,NA,NA,NA,NA,NA,NA,NA
6,7,klarna,NA,"['Klarna is an eCommerce payment solutions platform for merchants and shoppers.', 'Klarna is an eCommerce payment solutions platform for merchants and shoppers.\nThe platform gives customers the freedom to choose how and when to pay. They also offer direct payments, pay after delivery options, and installment plans. Klarna is a regulated bank known for its “buy now, pay later” model that offers shoppers interest-free financing on', 'retail purchases over a period of installments.\nKlarna was founded in 2005 in Stockholm, Sweden by Sebastian Siemiatkowski, Niklas Adalberth, and Victor Jacobsson.']","Stockholm, Stockholms Lan, Sweden",1001-5000,"['E-Commerce', 'Finance', 'Financial Services', 'FinTech', 'Payments']",Private,www.klarna.com,['Feb 2005'],"['European Union (EU), Nordic Countries, Scandinavia']","['Niklas Adalberth, Sebastian Siemiatkowski, Victor Jacobsson']",['Active'],NA,['Venture - Series Unknown'],['For Profit'],NA,NA,43,NA,$3.1B,NA,NA,7,15,NA,NA,NA,NA,NA,NA,NA,NA,NA,3,NA,NA,NA,NA,NA,NA,NA,NA,NA,NA
7,8,intel,NA,"['Intel designs, manufactures, and sells integrated digital technology platforms worldwide.', ""Intel is building on its unrivaled history of innovation to power the future of computing and communications. Intel's ambitions? A world that runs on Intel. Intel is doing this by helping its customers find the technologies and solutions that allow them to transform their businesses and gain market advantage.\nAnd it all starts with data."", ""Intel is on a journey from a PC-centric company to a data-centric company. Intel's unmatched depth of experience and scope of vision allows it to dream big, to create a world where Intel powers the future of computing and communications—including powerful processors and accelerators that unlock the full potential of data. Intel continuously delivers advances in performance, power, and connectivity across a diversity of data-centric workloads, so its customers can harness the raw power of data.\nIntel's innovations span architecture, memory, software, and security to help develop transformative products and experiences for its customers. Collectively, Intel's 107,000 employees worldwide are enabling amazing experiences in 5G, artificial intelligence, driverless cars, and much more.""]","Santa Clara, California, United States",10001+,"['Artificial Intelligence', 'Information Technology', 'Manufacturing', 'Product Design', 'Software']",Public,www.intel.com/,"['Jul 18, 1968']","['San Francisco Bay Area, Silicon Valley, West Coast']","['Diego Prilusky, Gordon Moore, Robert Noyce, Srikanth Tirumala']",['Active'],NA,['Post-IPO Equity'],['For Profit'],NA,NA,NA,2,$12.5M,31,NA,101,618,NA,NA,NA,NA,NA,NA,NA,NA,NA,67,NA,31,NA,NA,NA,NA,NA,NA,NA,NA
8,9,ourcrowd,NA,"['OurCrowd is a global venture investing platform that empowers institutions and individuals to invest and engage in emerging companies.', ""OurCrowd was started in 2013, driven by the idea that the business of building startups grows bigger and better when the global 'crowd' gains access to VC-level investment opportunities.\nToday, OurCrowd is a global venture investing platform that empowers institutions and individuals to invest and engage in emerging companies. The most"", 'active venture investor in Israel, OurCrowd vets and selects companies, invests its capital, and provides its global network with unparalleled access to co-invest and contribute connections, talent, and deal flow. OurCrowd builds value for its portfolio companies throughout their lifecycles, providing mentorship, recruiting industry advisors, navigating follow-on rounds, and creating growth opportunities through its network of multinational partnerships.']","Jerusalem, Yerushalayim, Israel",101-250,"['Angel Investment', 'Crowdfunding', 'FinTech', 'Funding Platform', 'Venture Capital']",Private,www.ourcrowd.com,"['Feb 1, 2013']",NA,"['Jonathan Medved, Steven Blumgart']",['Active'],NA,['Corporate Round'],['For Profit'],NA,NA,15,NA,$172.5M,NA,NA,NA,98,NA,NA,NA,NA,NA,NA,NA,NA,NA,232,NA,NA,NA,NA,NA,NA,NA,NA,NA,NA
9,10,square,NA,"['Square is a merchant services aggregator and mobile payment company that aims to simplify commerce through technology.', 'spend, store, and invest money. Square has offices in the United States, Canada, Japan, Australia, Ireland, Spain, and the UK.']","San Francisco, California, United States",1001-5000,"['FinTech', 'Hardware', 'Mobile Payments', 'Payments']",Public,squareup.com,"['Feb 1, 2009']","['San Francisco Bay Area, West Coast, Western US']","['Jack Dorsey, Jim McKelvey']",['Active'],NA,['Post-IPO Secondary'],['For Profit'],NA,NA,NA,10,$590.5M,3,NA,19,71,NA,NA,NA,NA,NA,NA,NA,NA,NA,13,NA,3,NA,NA,NA,NA,NA,NA,NA,NA
10,11,blocpower,NA,"['BlocPower is an energy technology startup that develops healthier, greener, and smarter cities.', 'BlocPower is an energy technology startup that develops healthier, greener, and smarter buildings.\nIt leverages advanced technologies, innovative electrification equipment, and structured finance to provide green heating and cooling to urban buildings. The company also connects government agencies, utilities, building owners, and smart equipment', 'providers to identify unhealthy, energy-wasting buildings to retrofit. Its propriety machine learning platform then determines which retrofits will produce the most energy savings at scale and uses the cloud and IoT to gather data and remotely monitor energy consumption. Since its founding, BlocPower has completed energy projects in nearly 1,000 buildings and delivers results ahead of schedule and under budget. It utilizes its proprietary software for analysis, leasing, project management, and monitoring of urban clean energy projects and its customers are saving 20-40% on their energy bills each year. The company is backed by top investors, including Kapor Capital, Andreessen Horowitz, American Family Insurance Institute for Corporate and Social Impact, AccelR8, The Goldman Sachs Urban Investment Group, Elemental Excelerator, CityRock Venture Partners, The Schmidt Family Foundation, and Salesforce Ventures.\nDonnel Baird and Morris Cox co-founded the company in Brooklyn, New York in 2014.']","Brooklyn, New York, United States",51-100,"['Clean Energy', 'CleanTech', 'Energy Efficiency', 'Energy Management', 'Smart Cities']",Private,www.blocpower.io,['2014'],"['Greater New York Area, East Coast, Northeastern US']","['Donnel Baird, Morris Cox']",['Active'],NA,['Debt Financing'],['For Profit'],NA,NA,20,NA,$75.9M,NA,NA,NA,5,NA,NA,NA,NA,NA,NA,NA,NA,NA,NA,NA,NA,NA,NA,NA,NA,NA,NA,NA,NA
11,12,oscar,NA,"['Oscar is a health insurance company that offers individual and family plans, medicare advantages, and small group products.', 'Oscar is a health insurance company that offers individual and family plans, medicare advantages, and small group products.\nIt employs technology, design, and data to humanize health care. The company offers plans to individuals, couples, and families living in parts of New York, New Jersey, California, and Texas who don’t receive health insurance', 'from an employer.\nIn 2012, Joshua Kushner, Kevin Nazemi, and Mario Schlosser headquartered Oscar Health in New York, New York.']","New York, New York, United States",1001-5000,"['Health Care', 'Health Insurance', 'Insurance', 'InsurTech']",Public,www.hioscar.com,"['Nov 1, 2012']","['Greater New York Area, East Coast, Northeastern US']","['Joshua Kushner, Kevin Nazemi, Mario Schlosser']",['Active'],NA,['Venture - Series Unknown'],['For Profit'],NA,NA,28,NA,$1.6B,NA,NA,NA,33,NA,NA,NA,NA,NA,NA,NA,NA,NA,1,NA,NA,NA,NA,NA,NA,NA,NA,NA,NA
12,13,apollo-global-management-llc,NA,"['Apollo Global Management is a global asset management firm that specializes in credit-oriented capital and real estate markets.', 'Apollo is a global alternative asset manager specializing in private equity, credit-oriented capital markets, and real estate.\nIt provides performing and non-performing loans, insurance-linked securities, asset-backed securities, distressed debt, senior bank loans, structured credit, and other fixed-income products to clients. The firm caters to', 'industry groups including, chemicals, consumer products, and services, retail, oil and gas, distribution and transportation, financial and business services, media, telecom, and technology among others.\nThe company was founded in 1990 and is headquartered in New York, New York by Josh Harris, Leon Black, and Marc Rowan.']","New York, New York, United States",1001-5000,"['Asset Management', 'Credit', 'Finance', 'Financial Services', 'Real Estate']",NA,www.apollo.com,['1990'],"['Greater New York Area, East Coast, Northeastern US']","['Josh Harris, Leon Black, Marc Rowan']",['Active'],NA,['Post-IPO Equity'],['For Profit'],NA,NA,NA,2,NA,20,NA,64,NA,NA,NA,NA,NA,NA,NA,NA,NA,9,36,1,20,NA,['NYSE:APO'],NA,NA,NA,NA,NA,NA
13,14,goldman-sachs,NA,"['Goldman Sachs is a multinational financial services firm providing securities, and investment banking and management services.', 'The Goldman Sachs Group, Inc. provides investment banking, securities, and investment management services, as well as financial services to corporations, financial institutions, governments, and high-net-worth individuals worldwide.\nIts Investment Banking segment offers financial advisory services, including advisory assignments with respect to', 'mergers and acquisitions, divestitures, corporate defense, risk management, and restructurings and spin-offs; and underwriting services comprising public offerings and private placements of a range of securities, loans and other financial instruments, and derivative transactions.\nThe company’s Institutional Client Services segment provides client execution services, such as fixed income, currency, and commodities client execution related to making markets in interest rate products, credit products, mortgages, currencies, and commodities; and equities related to making markets in equity products, as well as executes and clears institutional client transactions on stock, options, and futures exchanges.\nThis segment also engages in securities services business providing financing, securities lending, and other brokerage services to institutional clients, including hedge funds, mutual funds, pension funds, and foundations. Its Investing and Lending segment originates longer-term loans; and invests in debt securities, loans, public and private equity securities, real estate, consolidated investment entities, distressed assets, currencies, commodities, and power generation facilities.\nThe company’s Investment Management segment provides investment products and services, as well as offers wealth advisory services, including portfolio management and financial counseling, and brokerage and other transaction services.\nThe Goldman Sachs Group, Inc. was founded in 1869 and is headquartered in New York, New York.']","New York, New York, United States",10001+,"['Banking', 'Finance', 'Financial Services', 'Venture Capital']",NA,www.goldmansachs.com/,"['Jan 1, 1869']","['Greater New York Area, East Coast, Northeastern US']",NA,['Active'],NA,NA,['For Profit'],NA,NA,NA,NA,NA,261,NA,24,NA,NA,NA,NA,NA,NA,NA,NA,NA,7,810,39,261,NA,['NYSE:GS'],NA,NA,NA,NA,NA,NA
14,15,netflix,NA,"['Netflix is an online platform that enables users to watch TV shows and movies on smart TVs, PCs, Macs, mobiles, tablets, and so on.', 'Netflix is an online platform that enables user to watch TV shows and movies on smart TVs, gaming consoles, PCs, Macs, mobiles, tablets, and so on. It provides its services under three segments: international streaming, domestic streaming, and domestic DVD.\nThe network enables members to access and view more than one billion hours of TV shows', 'and movies per month, including Netflix original series. Members can play, pause, and resume watching its content without commercial breaks or commitments. The company also provides DVDs-by-mail membership services.\nNetflix was founded in 1997 by Mitch Lowe, Reed Hastings, and Marc Randolph, and is headquartered in Los Gatos, California.']","Los Gatos, California, United States",1001-5000,"['Digital Entertainment', 'Media and Entertainment', 'TV', 'Video Streaming']",Public,www.netflix.com,"['Jan 1, 1997']","['San Francisco Bay Area, Silicon Valley, West Coast']","['Marc Randolph, Reed Hastings']",['Active'],NA,['Post-IPO Debt'],['For Profit'],NA,NA,NA,12,$3.1B,1,4,2,175,NA,77,"13,583,520",104,"1,264,770,082",6.22%,NA,NA,NA,3,NA,1,NA,NA,NA,NA,NA,NA,NA,NA
15,16,snowflake-computing,NA,"['Snowflake is a cloud data platform that provides a data warehouse-as-a-service designed for the cloud.', 'Snowflake is a cloud data platform that provides a data warehouse-as-a-service designed for the cloud.\nThe platform is built for the cloud, focusing on an instant, secure, governed access to an entire network of data, and is built to enable a variety of data workloads, including a single platform for developing modern data applications. It', 'combines the power of data warehousing, the flexibility of big data platforms, and the elasticity of the cloud at a fraction of the cost of traditional solutions.\nThe company was co-founded by Thierry Cruanes, Marcin Zukowski, Bob Muglia, and Benoit Dageville in 2012 and is headquartered in San Mateo, California.']","San Mateo, California, United States",1001-5000,"['Analytics', 'Cloud Data Services', 'Enterprise Software', 'Software']",Public,www.snowflake.com/,"['Jan 1, 2012']","['San Francisco Bay Area, Silicon Valley, West Coast']","['Benoit Dageville, Bob Muglia, Marcin Zukowski, Mike Speiser, Thierry Cruanes']",['Active'],NA,['Series G'],['For Profit'],NA,NA,13,8,$1.4B,NA,7,2,38,NA,NA,NA,NA,NA,NA,NA,NA,NA,NA,NA,NA,NA,NA,NA,NA,NA,NA,NA,NA
16,17,betterup,NA,"['BetterUp is a mobile-based leadership development platform used by Fortune 500 companies.', 'behaviors and skills. Individual growth is measured and tracked. With a diverse range of customers, including Genentech, Logitech, and Workday, BetterUp inspires employees to build the skills to thrive personally and professionally.']","San Francisco, California, United States",1001-5000,"['Corporate Training', 'Education', 'Personal Development', 'Training']",Private,www.betterup.co/,['2013'],"['San Francisco Bay Area, West Coast, Western US']","['Alexi Robichaux, Eddie Medina']",['Active'],NA,['Series D'],['For Profit'],NA,NA,19,NA,$269.8M,NA,NA,NA,24,NA,NA,NA,NA,NA,NA,NA,NA,NA,NA,NA,NA,NA,NA,NA,NA,NA,NA,NA,NA
17,18,nokia,NA,"['Nokia is a Finnish multinational communications corporation engaged in the manufacturing of mobile devices and network infrastructure.', 'services and software that enable people to experience music, navigation, video, television, imaging, games, business mobility, and more.\nNokia also operates through four segments, including mobile broadband, global services, HERE, and technologies. Its mobile broadband segment provides consumers with hardware and core network software required to deliver mobile voice and data services. The corporation’s technology segment is involved in the development and sale of intellectual property rights and technology licensing activities. Its global services segment provides network implementation, care, managed services, and network planning and optimization. Finally, the HERE segment provides the development of local commerce, location-based services, and more.']","Espoo, Southern Finland, Finland",10001+,"['Electronics', 'Enterprise Software', 'Internet of Things', 'Mobile', 'Mobile Devices', 'Telecommunications']",Delisted,www.nokia.com,"['May 12, 1865']","['European Union (EU), Nordic Countries, Scandinavia']","['Frederic Idestam, Leo Mechelin']",['Active'],NA,['Post-IPO Debt'],['For Profit'],NA,NA,2,NA,€750M,NA,NA,52,211,NA,89,NA,94,"10,016,635",-4.76%,NA,NA,NA,40,NA,NA,NA,NA,NA,NA,NA,NA,NA,NA
18,19,rover-com,NA,"['Rover is an online pet care marketplace that connects pet parents with pet sitters and dog walkers.', 'opportunity to experience the unconditional love of a dog, Rover improves and simplifies life for pet parents and the dogs they love.']","Seattle, Washington, United States",251-500,"['Consumer', 'Marketplace', 'Pet']",Private,www.rover.com,['2011'],"['Greater Seattle Area, West Coast, Western US']","['Aaron Easterly, Greg Gottesman, Philip Kimmey']",['Active'],NA,['Series G'],['For Profit'],NA,NA,18,NA,$310.9M,NA,NA,3,8,NA,NA,NA,NA,NA,NA,NA,NA,NA,1,NA,NA,NA,NA,NA,NA,NA,NA,NA,NA
19,20,zomato,NA,"['Zomato is an online restaurant guide and food ordering platform that allows users to order meals from restaurants and have them delivered.', 'trusted recommendations. Zomato connects over 55 million users to restaurants in 24 countries. It is backed by investors such as Tiger Global, Temasek, Baillie Gifford, Kora, Luxor, Fidelity (FMR), D1 Capital, Baillie Gifford, Mirae, Steadview, and Ant Financial.']","Gurgaon, Haryana, India",10001+,"['Food Delivery', 'Mobile Apps', 'Reservations', 'Restaurants']",Private,www.zomato.com,['2008'],['Asia-Pacific (APAC)'],"['Deepinder Goyal, Gaurav Gupta, Pankaj Chaddah']",['Active'],NA,['Venture - Series Unknown'],['For Profit'],NA,NA,24,20,$2.1B,1,12,14,20,NA,NA,NA,NA,NA,NA,NA,NA,NA,3,NA,1,NA,NA,NA,NA,NA,NA,NA,NA
20,21,citigroup,NA,"['Citigroup is a diversified financial services holding company that provides various financial products and services.', 'Citigroup is a diversified financial services holding company that provides various financial products and services.\nThe company operates through two segments, Global Consumer Banking (GCB) and Institutional Clients Group (ICG). The GCB segment offers traditional banking services to retail customers through retail banking, commercial banking,', 'Citi-branded cards, and Citi retail services. The ICG segment offers various banking, and financial products and services to corporate, institutional, public sector, and high-net-worth clients. This segment provides wholesale banking products and services, including fixed income and equity sales and trading, foreign exchange, prime brokerage, derivative services, equity and fixed income research, corporate lending, investment banking and advisory services, private banking, cash management, trade finance, and securities services.\nCitigroup Inc. was founded in 1812 and is based in New York, United States.']","New York, New York, United States",10001+,"['Banking', 'Credit Cards', 'Financial Services', 'Wealth Management']",NA,www.citigroup.com,"['Oct 8, 1998']","['Greater New York Area, East Coast, Northeastern US']",NA,['Active'],NA,['Post-IPO Equity'],['For Profit'],NA,NA,2,2,NA,21,2,6,NA,NA,NA,NA,NA,NA,NA,NA,NA,2,91,5,21,NA,['NYSE:C'],NA,NA,NA,NA,NA,NA
21,22,twilio,NA,"['Twilio is a cloud communication company that enables users to use standard web languages to build voice, VoIP, and SMS apps via a web API.', 'Twilio, the developer platform for communications is reinventing telecom by merging the worlds of cloud computing, web services, and telecommunications. With Twilio, developers and businesses make communications more contextual by embedding voice, video, messaging, and authentication directly into applications.\nIt was founded in 2008 and is based', 'in San Francisco, California.']","San Francisco, California, United States",1001-5000,"['Enterprise Software', 'Messaging', 'Mobile Apps', 'SMS', 'VoIP']",Public,www.twilio.com,"['Jun 30, 2008']","['San Francisco Bay Area, West Coast, Western US']","['Evan Cooke, Jeff Lawson, John Wolthuis']",['Active'],NA,['Undisclosed'],['For Profit'],NA,NA,NA,10,$236.2M,2,NA,8,152,NA,NA,NA,NA,NA,NA,NA,NA,NA,8,NA,2,NA,NA,NA,NA,NA,NA,NA,NA
22,23,sap,NA,"['SAP is a technology company that develops enterprise application software for companies and industries across diverse sectors.', 'SAP is a technology company that develops enterprise application software for companies and industries across diverse sectors.\nThe company offers solutions covering various lines of businesses, including asset management, commerce, finance, human resources, manufacturing, marketing, sales, services, sourcing and procurement, supply chain, and', 'sustainability as well as research and development, and engineering. It provides enterprise application software to various industries, including consumer, discrete manufacturing, public services, energy and natural resources, financial services, and many other services.\nIn addition, the company offers SAP HANA, a platform that combines database, data processing, and application platform capabilities as well as simplifies application development and processing across big data sources and structures; and SAP HANA Cloud Platform which enables ease and flexibility in building, extending, and integrating business applications available to its partners, customers, and third-party developers. It also provides SAP Business Suite and SAP Business Warehouse as well as custom SAP HANA applications in the company’s cloud data centers.\nAdditionally, the company provides analytic solutions such as enterprise business intelligence, agile visualization, and advanced analytics for information and data needs. It also offers design, rapid deployment, and custom development; support services, software updates, and enhancements; and consulting and training services.\nSAP was founded in 1972 and is headquartered in Walldorf, Germany.']","Walldorf, Baden-Wurttemberg, Germany",10001+,"['Business Intelligence', 'Computer', 'Finance', 'Software']",Public,www.sap.com/,"['Apr 1, 1972']",['European Union (EU)'],"['Andreas Neumeier, Claus Wellenreuther, Dietmar Hopp, Hans-Werner Hector, Hasso Plattner, Klaus Tschira']",['Active'],NA,['Post-IPO Equity'],['For Profit'],NA,NA,NA,2,$1.3B,13,NA,48,504,NA,NA,NA,NA,NA,NA,NA,NA,NA,27,NA,13,NA,NA,NA,NA,NA,NA,NA,NA
23,24,flutterwave,NA,"['Flutterwave provides a payment service for global merchants and payment service providers.', 'Flutterwave provides a payment service for global merchants and payment service providers.\nIt provides technology, infrastructure, and services to enable global merchants, payment service providers, and helps banks and businesses build secure and seamless payment solutions for their customers by smoothening the exchange of funds.\nThe company was', 'founded in 2016 by Iyinoluwa Aboyeji and Olugbenga Agboola and is headquartered in San Francisco, California.']","San Francisco, California, United States",11-50,"['Developer APIs', 'FinTech', 'Payments', 'Software']",Private,www.flutterwave.com,['2016'],"['San Francisco Bay Area, West Coast, Western US']","['Iyinoluwa Aboyeji, Olugbenga Agboola']",['Active'],NA,['Secondary Market'],['For Profit'],NA,NA,32,NA,$64.7M,NA,NA,NA,6,NA,29,NA,95,"503,602",7.77%,NA,NA,NA,NA,NA,NA,NA,NA,NA,NA,NA,NA,NA,NA
24,25,drift,NA,"['Use conversations to make business buying frictionless, more enjoyable, and more human.', 'conversation with a business at any time, on their terms.']","Boston, Massachusetts, United States",251-500,"['Apps', 'Enterprise Software', 'Internet', 'Marketing Automation', 'Sales Automation', 'Software']",Private,www.drift.com,['2015'],"['Greater Boston Area, East Coast, New England']","['David Cancel, Elias Torres']",['Active'],NA,['Series C'],['For Profit'],NA,NA,12,3,$107M,NA,3,3,14,NA,NA,NA,NA,NA,NA,NA,NA,NA,NA,NA,NA,NA,NA,NA,NA,NA,NA,NA,NA
25,26,solo-funds-inc,NA,"['SoLo is a marketplace community allowing members to easily access and supply short-term funds for immediate needs.', 'heights, but grounded in the same hope and mission: to build a community that enables financial autonomy for all.']","Los Angeles, California, United States",11-50,"['Financial Services', 'FinTech', 'Lending', 'Peer to Peer']",Private,www.solofunds.com,"['Mar 17, 2016']","['Greater Los Angeles Area, West Coast, Western US']","['Jarrel Carter, Rodney Williams, Taylor Bruno, Travis Holoway']",['Active'],NA,['Series A'],['For Profit'],NA,NA,18,NA,$12.8M,NA,NA,NA,4,NA,20,NA,36,"7,392",-2.92%,NA,NA,NA,NA,NA,NA,NA,NA,NA,NA,NA,NA,NA,NA
26,27,crowdstrike,NA,"['CrowdStrike is a cybersecurity technology firm pioneering cloud delivered next-generation endpoint protection and services.', 'cost and complexity for customers.\nCrowdStrike’s Falcon platform is delivered via the security industry’s only 100% native cloud architecture, integrated with 24/7 managed hunting capabilities and in-house threat intelligence and incident response teams. CrowdStrike’s unique Threat Graph harnesses the cloud to instantly analyze data from billions of endpoint events across a global crowdsourcing community, allowing detection and prevention of attacks based on patented behavioral pattern recognition technology.']","Sunnyvale, California, United States",501-1000,"['Crowdsourcing', 'Cyber Security', 'Network Security', 'SaaS']",Public,www.crowdstrike.com,['2011'],"['San Francisco Bay Area, Silicon Valley, West Coast']","['Dmitri Alperovitch, George Kurtz, Gregg Marston']",['Active'],NA,['Series E'],['For Profit'],NA,NA,11,7,$481M,NA,4,3,44,NA,NA,NA,NA,NA,NA,NA,NA,NA,3,NA,NA,NA,NA,NA,NA,NA,NA,NA,NA
27,28,unacademy,NA,"['Unacademy is an online learning platform that provides educational content such as video lectures and examinations.', 'Unacademy is a learning platform that provides content for major competitive examinations as well as offers short lectures in the form of videos on different subjects which can be accessed for free. It allows aspiring students to better prepare for their competitive examinations and promote self-learning.\nUnacademy was originally created in 2010', 'via YouTube channel and was officially launched in 2015. The company is based in Bangalore, India.']","Bangalore, Karnataka, India",251-500,"['E-Learning', 'EdTech', 'Education', 'Training']",Private,unacademy.com/,['2015'],['Asia-Pacific (APAC)'],"['Gaurav Munjal, Hemesh Singh, Roman Saini, Sachin Gupta']",['Active'],NA,['Venture - Series Unknown'],['For Profit'],NA,NA,36,NA,$398.5M,NA,NA,8,4,NA,NA,NA,NA,NA,NA,NA,NA,NA,NA,NA,NA,NA,NA,NA,NA,NA,NA,NA,NA
28,29,facebook,NA,"['Facebook is an online social networking service that enables its users to connect with friends and family.', 'Facebook is an online social networking service that allows its users to connect with friends and family as well as make new connections.\nIt provides its users with the ability to create a profile, update information, add images, send friend requests, and accept requests from other users. Its features include status update, photo tagging and', 'sharing, and more. Facebook’s profile structure includes a timeline, information related to the user, images of the user, images added by friends of the user, notes, pages, groups, and more. It enables its users to create pages related to entertainment, sports, business, finance, preferences, hobbies, culture, religion, causes, organizations, and a number of other categories. It also enables its users to join or create groups related to a vast number of categories.\nWith millions of more users, [Friendster] attempted to acquire the company for $10 million in mid-2004. Facebook turned down the offer and subsequently received $12.7 million in funding from [Accel Partners] at a valuation of around $100 million. Facebook continued to grow opening up to high school students in September 2005 and adding a photo-sharing feature the next month. The next spring, Facebook received $25 million in funding from [Greylock Partners] and [Meritech Capital] as well as previous investors [Accel Partners] and [Peter Thiel]. The pre-money valuation for this deal was about $525 million. Facebook subsequently opened up to work networks eventually amassing over 20,000 work networks. Finally, in September 2006, Facebook was opened to anyone with an email address.\nFacebook continued to receive funding most notably in January 2011 receiving $1.5 billion and valuing the company at $50 billion. A year later in February 2012, Facebook announced that it was filing for its long-anticipated initial public offering. The company went public on May 18, 2012 opening in [NASDAQ] with shares trading at $42.05.\nFacebook announced positive numbers in February 2012 upon filing for its IPO. As of July 2013 over 1.15 billion users have logged into Facebook every month and 669 million users daily. Mobile users now make up half of Facebook’s user base with 819 million monthly actives. Facebook is one of the most trafficked sites in the United States. Additionally, Facebook is the top photo-sharing site with 250 million photos uploaded per day.\nThe company has a strategic partnership with AXA Group to develop marketing and commercial collaboration in the digital, social, and mobile sphere.\nFacebook is currently the owner of many applications and services such as Pagemodo Pagebuilder, [RSS Graffiti], Huddle, and more. It is the world’s largest social network with over 1.32 billion monthly active users.\nFacebook was founded by Mark Zuckerberg in Menlo Park, California in 2004.']","Menlo Park, California, United States",10001+,"['Mobile Apps', 'Social', 'Social Media', 'Social Network']",Public,www.facebook.com,"['Feb 4, 2004']","['San Francisco Bay Area, Silicon Valley, West Coast']","['Andrew McCollum, Chris Hughes, Dustin Moskovitz, Eduardo Saverin, Mark Zuckerberg, Nicholas Daniel-Richards, Rob Jagnow']",['Active'],NA,['Post-IPO Equity'],['For Profit'],NA,NA,26,17,$16.1B,NA,11,89,876,NA,NA,NA,NA,NA,NA,NA,NA,NA,35,NA,NA,NA,NA,NA,NA,NA,NA,NA,NA
29,30,bitwise-industries,NA,"['Bitwise is a tech ecosystem that provides access to resources for those in marginalized communities.', 'custom software development firm, Shift3 Technologies. And, the ever-growing place component is made up of Bitwise’s collaborative workplace, Hashtag, the technology hub, Bitwise South Stadium, and two new projects currently under construction in downtown Fresno, Bitwise|41 and Bitwise State Center Warehouse.']","Fresno, California, United States",101-250,"['Coworking', 'Education', 'Human Resources', 'Software', 'Training']",Private,bitwiseindustries.com/,"['Jul 1, 2013']","['West Coast, Western US']","['Irma Olguin, Jake Soberal']",['Active'],NA,['Series B'],['For Profit'],NA,NA,16,NA,$77M,NA,NA,NA,2,NA,NA,NA,NA,NA,NA,NA,NA,NA,NA,NA,NA,NA,NA,NA,NA,NA,NA,NA,NA
30,31,auth0,NA,"['Auth0 is an identity management platform for web, mobile, IoT, and internal applications.', 'AAuth0 is an identity management platform for application builders and developers. It provides Auth0, a web-scale cloud solution that includes APIs and tools that enable developers to eliminate the friction of authentication and authorization of their applications and APIs.\nAuth0 enables users to single sign-on for applications running on various', ""platforms with various identity providers; add few lines of JavaScript to power their applications; customize various stages of the authentication and authorization pipeline, and connect their applications and APIs to their database of users and passwords. Its platform also allows users to authenticate to active directory, LDAP, SAML, Integrated Windows Authentication, Google Apps, Salesforce, and other IdPs without having to configure firewall; add and remove users, modify profiles and authorization attributes, and identify root cause user login issues; see a stream of recent logins and their locations; and enable various SaaS and SAML-enabled applications.\nAuth0's solution works with iOS, Android, and Windows Phone 8 platforms. Its platform is used by large and small enterprises, and startups.""]","Bellevue, Washington, United States",501-1000,"['Developer APIs', 'Enterprise Software', 'Identity Management', 'Information Technology']",Private,auth0.com/,"['Feb 1, 2013']","['Greater Seattle Area, West Coast, Western US']","['Eugenio Pace, Matias Woloski']",['Active'],NA,['Series F'],['For Profit'],NA,NA,15,NA,$332.3M,NA,NA,1,27,NA,NA,NA,NA,NA,NA,NA,NA,NA,NA,NA,NA,NA,NA,NA,NA,NA,NA,NA,NA
31,32,deliveroo,NA,"['Deliveroo owns and operates an online food delivery platform in the United Kingdom.', 'Deliveroo owns and operates an online food delivery platform in the United Kingdom. Its platform allows users to order food from local restaurants. Gregory Orlowski and William Shu founded Deliveroo in 2012. It has its headquarters in London in the United Kingdom.']","London, England, United Kingdom",1001-5000,"['Delivery', 'Food and Beverage', 'Food Delivery', 'Restaurants', 'Same Day Delivery']",Private,deliveroo.co.uk/,['2012'],NA,"['Greg Orlowski, William Shu']",['Active'],NA,['Series H'],['For Profit'],NA,NA,28,NA,$1.7B,NA,NA,2,27,NA,NA,NA,NA,NA,NA,NA,NA,NA,NA,NA,NA,NA,NA,NA,NA,NA,NA,NA,NA
32,33,okta,NA,"['Okta is a management platform that secures critical resources from cloud to ground for workforce and customers.', 'device. Thousands of customers, including Experian, 20th Century Fox, LinkedIn, Flex, News Corp, Dish Networks, and Adobe trust Okta to work faster, boost revenue, and stay secure.\nOkta helps customers fulfill their missions faster by making it safe and easy to use the technologies they need to do their most significant work.']","San Francisco, California, United States",1001-5000,"['CRM', 'Enterprise Software', 'Identity Management', 'Management Information Systems']",Public,www.okta.com,"['Jan 1, 2009']","['San Francisco Bay Area, West Coast, Western US']","['Frederic Kerrest, Todd McKinnon']",['Active'],NA,['Secondary Market'],['For Profit'],NA,NA,16,8,$229.3M,NA,3,5,60,NA,NA,NA,NA,NA,NA,NA,NA,NA,NA,NA,NA,NA,NA,NA,NA,NA,NA,NA,NA
33,34,roku,NA,"['Roku pioneers streaming for the TV and aspires to power every TV in the world.', 'by our growing, passionate and highly engaged customer base who love Roku streaming devices because of our coveted content selection, ease of use, and value.']","Los Gatos, California, United States",1001-5000,"['Advertising Platforms', 'Consumer Electronics', 'Digital Entertainment', 'Hardware']",Public,www.roku.com/,"['Oct 1, 2002']","['San Francisco Bay Area, Silicon Valley, West Coast']",['Anthony Wood'],['Active'],NA,['Series H'],['For Profit'],NA,NA,14,11,$208.6M,NA,5,4,24,NA,49,NA,82,"24,947,811",-7.26%,NA,NA,NA,NA,NA,NA,NA,NA,NA,NA,NA,NA,NA,NA
34,35,nearpod,NA,"['Nearpod is a provider of edtech platform for K-12 teachers to create interactive slides filled with videos, quizzes, and other activities.', 'Nearpod is an all-in-one solution for the synchronized use of iPads in the classroom that makes lectures more engaging through interactive multimedia presentations. With Nearpod, teachers can create mobile presentations, engage students in class, and assess them in real time.\nThe fast adoption of tablet computing and mobile devices is having a', 'profound impact on education. Nearpod allows educators to very easily take their existing presentations, convert them into mobile-friendly content, and engage all students to convert them into active classroom participants. Teachers can deliver their existing content through mobile (iOS or Android) devices and get instant feedback from students through interactive features like polls, quizzes, drawing activities, and others.']","Dania, Florida, United States",251-500,"['E-Learning', 'EdTech', 'Education', 'Mobile Apps', 'Skill Assessment', 'Virtual Reality']",Private,www.nearpod.com,['2012'],"['Greater Miami Area, East Coast, Southern US']","['Emiliano Abramzon, Felipe Sommer, Guido Kovalskys']",['Active'],NA,['Series B'],['For Profit'],NA,NA,20,NA,$30.7M,NA,NA,1,12,NA,NA,NA,NA,NA,NA,NA,NA,NA,NA,NA,NA,NA,NA,NA,NA,NA,NA,NA,NA
35,36,epic-games-2,NA,"['Epic Games is an American video game and software company that creates games and offers its game engine technology to other developers.', 'interactive experiences for PC, console, mobile, and virtual reality devices.\nIt was founded in 1991 and is headquartered in Cary, North Carolina.']","Cary, North Carolina, United States",1001-5000,"['Developer Platform', 'Gaming', 'Software', 'Video Games']",Private,www.epicgames.com,['1991'],"['Research Triangle, East Coast, Southern US']",['Mark Rein'],['Active'],NA,['Venture - Series Unknown'],['For Profit'],NA,NA,22,6,$3.4B,NA,4,13,31,NA,NA,NA,NA,NA,NA,NA,NA,NA,8,NA,NA,NA,NA,NA,NA,NA,NA,NA,NA
36,37,promise,NA,"['PromisePay provides a modern payment processing platform built for utilities and government agencies.', 'payment plans. PromisePay has a team working 24/7 to talk to residents and help them make their payments. This means residents pay off debt faster, the government gets more revenue, and government works better for everyone.\nPromise is a financial services technology company. PromisePay builds payment processing tools and services for the government. Promise has a team of technology and government experts from companies like Palantir, Stripe, and Google, and has raised over $11M from investors like First Round, 8VC, Roc Nation, Jay Z, and Y Combinator.']","Oakland, California, United States",11-50,"['Debt Collections', 'Financial Services', 'FinTech', 'Government', 'Mobile Payments']",NA,joinpromise.com/,['2017'],"['San Francisco Bay Area, West Coast, Western US']","['Diana Frappier, Phaedra Ellis-Lamkins']",['Active'],NA,['Series A'],['For Profit'],NA,NA,NA,NA,$23.1M,NA,NA,NA,NA,NA,NA,NA,NA,NA,NA,NA,NA,NA,NA,NA,NA,NA,NA,NA,NA,NA,NA,NA,NA
37,38,peloton-interactive,NA,"['Peloton is an interactive fitness platform reinventing fitness with live and on-demand boutique studio classes.', 'comprehensive and socially connected experience that makes every workout both efficient and addicting. By merging hardware, software, and content, the company creates the most unique, efficient, and addicting workout experience on the market. Peloton is sold online and in its growing number of showrooms across the country.\nThe company was founded in 2012 and is headquartered in New York.']","New York, New York, United States",1001-5000,"['Cycling', 'Fitness', 'Wellness']",Public,www.onepeloton.com,['2012'],"['Greater New York Area, East Coast, Northeastern US']","['Graham Stanton, John Foley, Tom Cortese, Yony Feng']",['Active'],NA,['Post-IPO Debt'],['For Profit'],NA,NA,20,9,$1.9B,NA,7,4,51,NA,NA,NA,NA,NA,NA,NA,NA,NA,1,NA,NA,NA,NA,NA,NA,NA,NA,NA,NA
38,39,kraken,NA,"['Kraken is a cryptocurrency exchange that provides spot and futures trading between Bitcoin, Ethereum and 40+ other digital assets.', 'playing an important role in the mainstream adoption of crypto assets.Kraken is a marketplace for digital assets where buyers, sellers, traders and speculators come together to exchange cryptocurrencies like Bitcoin, Ethereum, Litecoin and Ripple against national currencies like USD, EUR, CAD and JPY. Clients trading larger sizes benefit from our principal Over-the-Counter (OTC) desk and white glove service. Advanced traders and technical analysis wizards can take advantage of our professional charting tools. Software engineers, botters and hobbyist automators have available both REST and Websocket APIs with which trades can be made and market information obtained. Kraken provides 24/7 live chat support for any questions you have about getting started.']","San Francisco, California, United States",1001-5000,"['Asset Management', 'Bitcoin', 'Blockchain', 'Ethereum', 'Financial Exchanges', 'Financial Services', 'FinTech', 'Personal Finance', 'Stock Exchanges', 'Trading Platform']",NA,www.kraken.com/,"['Jul 28, 2011']","['San Francisco Bay Area, West Coast, Western US']",['Jesse Powell'],['Active'],NA,['Secondary Market'],['For Profit'],NA,NA,NA,NA,$118.5M,NA,NA,10,NA,NA,19,NA,NA,"16,091,549",70.65%,NA,NA,NA,2,NA,NA,NA,NA,NA,NA,NA,NA,NA,NA
39,40,twitch,NA,"['Twitch is social video platform for gamers where more than 100 million gather every month to broadcast, watch and talk about video games.', 'outlets, events, user generated content, and the entire esports scene. In February 2014, Wall Street Journal ranked Twitch as the 4th largest website in terms of peak internet traffic in the U.S. fortifying the brand as an entertainment industry leader and the epicenter of social video for gamers.']","San Francisco, California, United States",251-500,"['Social Media', 'Video', 'Video Games', 'Video Streaming']",Private,www.twitch.tv/,['2007'],"['San Francisco Bay Area, West Coast, Western US']","['Emmett Shear, Justin Kan, Kevin Lin, Kyle Vogt, Michael Seibel, Omar Javed']",['Active'],NA,['Series C'],['For Profit'],NA,NA,9,3,$35M,NA,2,6,56,NA,49,NA,6,"924,395,874",8.26%,NA,NA,NA,NA,NA,NA,NA,NA,NA,NA,NA,NA,NA,NA
40,41,uipath,NA,"['UiPath is a software company developing robotic process automation and artificial intelligence software.', 'UiPath designs and develops robotic process automation software. The platform offers foolproof development tools, automation of intricate processes, enhanced control, cloud and on-premise deployment, robust governance, and multiple robots on a single virtual machine. UiPath was founded in 2005 and headquartered in New York, United States.']","New York, New York, United States",1001-5000,"['Artificial Intelligence', 'Enterprise Software', 'Information Technology', 'Machine Learning']",Private,www.uipath.com,['2005'],"['Greater New York Area, East Coast, Northeastern US']","['Daniel Dines, Marius Tirca']",['Active'],NA,['Series F'],['For Profit'],NA,NA,27,NA,$2B,NA,NA,2,42,NA,NA,NA,NA,NA,NA,NA,NA,NA,NA,NA,NA,NA,NA,NA,NA,NA,NA,NA,NA
41,42,skydio,NA,"['Skydio uses artificial intelligence to create flying drones that are used by consumer, enterprise, and government customers.', ""Skydio is a drone manufacturer that uses artificial intelligence to create flying drones that are used by consumers, enterprises, and government customers.\nIt develops AI-powered drones to deliver the power and flying cameras without the complexity. The company's drones use an array of cameras and proprietary computer vision technology to"", ""recognize, avoid objects in real-time, and predict into the future to make intelligent decisions, enabling users by flying themselves through the most demanding tasks or keeping them safe from obstacles when they want to take control. The company's debut drone, the R1, could track a target and film them while avoiding obstacles without any human intervention required. Then the company released the Skydio 2 in 2019, its second drone, cutting off more than half the price while improving it its autonomous tracking and video capabilities. Its flagship product, the X2, is equipped with seven cameras, 100x zoom, night vision, and promises to turn ordinary users into expert pilots thanks to its self-piloting abilities. It is backed by top investors and strategic partners including Andreessen Horowitz, Linse Capital, Next47, IVP, Playground, NVIDIA, and UP.Partners.\nAbraham Bachrach, Adam Bry, and Matt Donahoe founded Klarna in Redwood City, California in 2014.""]","Redwood City, California, United States",101-250,"['Artificial Intelligence', 'Drone Management', 'Drones', 'Robotics', 'Software']",Private,www.skydio.com,['2014'],"['San Francisco Bay Area, Silicon Valley, West Coast']","['Abraham Bachrach, Adam Bry, Matt Donahoe']",['Active'],NA,['Series D'],['For Profit'],NA,NA,15,NA,$340M,NA,NA,NA,17,NA,NA,NA,NA,NA,NA,NA,NA,NA,NA,NA,NA,NA,NA,NA,NA,NA,NA,NA,NA
42,43,shopify,NA,"['Shopify is a cloud-based, multi-channel commerce platform designed for small and medium-sized businesses.', 'a powerful back-office and a single view of their business.\nShopify offers online retailers a suite of services including marketing, customer engagement, payments, and shipping tools to simplify the process of running an online store for small merchants. They launched an application programming interface (API) platform and App Store that allows developers to create applications for Shopify online stores and then sell them on the Shopify App Store.\nThe Shopify platform was engineered for reliability and scale, making enterprise-level technology available to businesses of all sizes. Shopify currently powers over 800,000 businesses in approximately 175 countries and is trusted by brands such as Tesla, Red Bull, Nestle, GE, Kylie Cosmetics, and many more.\nShopify was founded in 2004 and is headquartered in Ottawa, Ontario, Canada.']","Ottawa, Ontario, Canada",1001-5000,"['E-Commerce', 'E-Commerce Platforms', 'Enterprise Software', 'SaaS']",Public,www.shopify.com,"['Jun 2, 2004']",['Great Lakes'],"['Daniel Weinand, Scott Lake, Tobias Lütke']",['Active'],NA,['Series C'],['For Profit'],NA,NA,8,4,$122.3M,NA,5,11,95,NA,79,"4,123,202",143,"128,179,990",1.1%,NA,NA,NA,NA,NA,NA,NA,NA,NA,NA,NA,NA,NA,NA
43,44,sitecore,NA,"['Sitecore is a customer experience management company that provides multichannel marketing automation software and web content management.', ""minute interaction – and intention – that customers and prospects have with a brand, both on a website and across other digital channels.\nSitecore creates human connections between brands and their customers with rich end-to-end content, seamless commerce, and always-on personalization so brands can thrive in a world where, without a digital experience, there is no product. The company's Experience Cloud empowers marketers to deliver personalized content in realtime and at scale across every channel—before, during, and after a sale.\nSitecore has 3,500+ customers worldwide, including leading global brands including American Express, Carnival Cruise Lines, easyJet, Heineken, and Microsoft, as well as governments, associations, and public institutions. There are approximately 8,000 certified Sitecore developers and 23,000 active members in Sitecore’s developer network.\nSitecore has been positioned by Gartner, Inc. in the Leaders Quadrant of the Magic Quadrant for Web Content Management (WCM) for four consecutive years. Sitecore has also been positioned by Gartner in the Visionaries Quadrant of the 2013 & 2012 Magic Quadrant for Multichannel Campaign Management (MCCM).""]","San Francisco, California, United States",1001-5000,"['Analytics', 'Content', 'Customer Service', 'E-Commerce', 'Email Marketing', 'Internet', 'Software', 'Web Development']",Private,www.sitecore.com,"['Apr 26, 2001']","['San Francisco Bay Area, West Coast, Western US']","['Kasper Kjaerbye Larsen, Lars Nielsen, Michael Seifert']",['Active'],NA,['Private Equity'],['For Profit'],NA,NA,3,NA,$1.2B,NA,NA,5,14,NA,33,NA,95,"364,380",1.95%,NA,NA,NA,NA,NA,NA,NA,NA,NA,NA,NA,NA,NA,NA
44,45,n26,NA,"['N26 offers mobile banking in 25 markets.', 'N26 offers mobile banking solutions to customers in the European Union through its subsidiary. It provides international money transfer, investment, overdraft, and cash withdrawal and deposit at stores.\nN26 provides mobile banking services for customers. Its mobile banking services offer online banking that include making and handling of current', 'accounts, fixed accounts, and other banking services, letting customers manage and control their banking details via a smartphone application easily.\nMaximilian Tayenthal and Valentin Stalf founded Papayer in February 2013, which later became N26, with its headquarters in Berlin in Germany.']","Berlin, Berlin, Germany",1001-5000,"['Banking', 'Finance', 'Financial Services', 'FinTech']",Private,n26.com,['Feb 2013'],['European Union (EU)'],"['Maximilian Tayenthal, Valentin Stalf']",['Active'],NA,['Venture - Series Unknown'],['For Profit'],NA,NA,18,10,$819M,NA,6,NA,30,NA,NA,NA,NA,NA,NA,NA,NA,NA,NA,NA,NA,NA,NA,NA,NA,NA,NA,NA,NA
45,46,ripple-labs,NA,"['Ripple provides one frictionless experience to send money globally using the power of blockchain.', 'enterprises to gain access to cross-currency liquidity through a distributed network that allows foreign exchange to be externally sourced from a competitive FX marketplace or an internal FX trading desk. This minimizes FX exposure thereby lowering the volatility and counter-party risk of trades. Ripple Insights features industry updates, insider perspectives, and in-depth market analysis.']","San Francisco, California, United States",501-1000,"['Blockchain', 'Cryptocurrency', 'Financial Services', 'FinTech', 'Internet', 'Payments']",Private,ripple.com,['2012'],"['San Francisco Bay Area, West Coast, Western US']","['Arthur Britto, Chris Larsen, Ryan Fugger']",['Active'],NA,['Secondary Market'],['For Profit'],NA,NA,36,13,$293.8M,1,5,1,24,NA,NA,NA,NA,NA,NA,NA,NA,NA,15,NA,1,NA,NA,NA,NA,NA,NA,NA,NA
46,47,boohoo-com,NA,"['Boohoo is an online store that offers a range of clothing, accessories, and footwear brands.', 'Oasis & Warehouse design, sources, markets and sells clothing, shoes, accessories, and beauty products.\nThe company was founded in 2006 by Carol Kane and Mahmud Kamani in Manchester, Manchester, United Kingdom.']","Manchester, Manchester, United Kingdom",1001-5000,"['Beauty', 'E-Commerce Platforms', 'Fashion', 'Lifestyle', 'Shopping']",Public,www.boohooplc.com/,"['Apr 8, 2006']",NA,"['Carol Kane, Mahmud Kamani']",['Active'],NA,['Post-IPO Equity'],['For Profit'],NA,NA,NA,1,£50M,NA,NA,10,3,NA,NA,NA,NA,NA,NA,NA,NA,NA,NA,NA,NA,NA,NA,NA,NA,NA,NA,NA,NA
47,48,tencent,NA,"['Tencent is an internet service portal offering value-added internet, mobile, telecom, and online advertising services.', 'Tencent is an internet service portal offering value-added internet, mobile, telecom, and online advertising services. Its communications and social platforms Weixin and QQ connect users with each other, with digital content and daily life services in just a few clicks.\nTencent has maintained steady growth under its user-oriented operating', 'strategies. It provides value-added internet, mobile, and telecom services, as well as online advertising under the strategic goal of providing users with ""one-stop online lifestyle services."" Tencent’s Internet platforms in China – QQ (QQ Instant Messenger), WeChat, QQ.com, QQ Games, Qzone, 3g.QQ.com, SoSo, PaiPai, and Tenpay – aim to address the various needs of internet users, including communication, information, entertainment, e-commerce, and others.\nIn September 2013, Tencent\'s market valuation rose to $101 billion, and as of November 21, 2013, QQ had 2 billion active users and WeChat had 650 million monthly active users. The numbers of active users for QQ mail, Qzone, Tencent Weibo, and QQ news were 274 million, 626 million, 220 million, and 150 million, respectively.\nTencent was founded in November of 1998. In April 2000, the IDG and PCCW invested a total of $2.2 million dollars in the company. Tencent was listed on the Hong Kong Stock Exchange (SEHK) on June 16, 2004. Baidu, Alibaba, and Netease are Tencent\'s major competitors.']","Shenzhen, Guangdong, China",10001+,"['Internet', 'Online Games', 'Online Portals', 'Social Media Marketing']",Public,www.tencent.com/en-us/,"['Nov 1, 1998']",['Asia-Pacific (APAC)'],"['Charles Chen, Chenye Xu, Jason Zeng, Pony Ma, Zhidong Zhang']",['Active'],NA,['Post-IPO Debt'],['For Profit'],NA,NA,4,NA,$6.6B,NA,NA,18,72,NA,NA,NA,NA,NA,NA,NA,NA,NA,549,NA,NA,NA,NA,NA,NA,NA,NA,NA,NA
48,49,maude-group,NA,"['maude is redefining the sex essentials industry for modern consumers to make intimacy better—for all people.', 'health.']","Brooklyn, New York, United States",1-10,"['Consumer Goods', 'E-Commerce', 'Health Care', 'Personal Health', 'Wellness']",Private,getmaude.com,['2018'],"['Greater New York Area, East Coast, Northeastern US']",['Eva Goicochea'],['Active'],NA,['Seed'],['For Profit'],NA,NA,22,NA,$4.3M,NA,NA,NA,2,NA,NA,NA,NA,NA,NA,NA,NA,NA,NA,NA,NA,NA,NA,NA,NA,NA,NA,NA,NA
